{"62":{"x":0,"y":140},"63":{"x":1844.9955652440353,"y":140.61983490540416},"segment-continue":{"x":1063.3333333333335,"y":186.66666666666666},"segment-previous-section":{"x":-240,"y":140}}
