{
  "16": {"x": -490.9993489583334, "y": 227.3470052083333},
  "17": {"x": 37.38336520724806, "y": 288.4119635687932},
  "18": {"x": 259.25448269314234, "y": 684.3803710937502},
  "19": {"x": 522.4304131401908, "y": 52.807406955294994},
  "20": {"x": 812.8716871473523, "y": 590.3768886990019},
  "21": {"x": 1102.2536180284287, "y": 123.73480902777777},
  "22": {"x": 1392.9145880805122, "y": 499.4591742621528},
  "23": {"x": 1626.4455735948352, "y": 216.4336310492621},
  "24": {"x": 367.2223765055338, "y": 679.0097071329752},
  "25": {"x": 778.4840971628823, "y": 100.42329978942871},
  "26": {"x": 1209.1377557118735, "y": 590.3481667836506},
  "27": {"x": 1545.001953125, "y": 166.30989583333326},
  "28": {"x": 1943.7770182291667, "y": 382.48535156250006},
  "segment-continue": {"x": 1958.770985921224, "y": 368.5582038031683},
  "segment-previous-section": {"x": 23.021518071492437, "y": 327.4303633371989}
}
