{
  "54": { "x": -459.1861979166667, "y": 268.0078125 },
  "55": { "x": -173.02734375000003, "y": -35.32552083333334 },
  "56": { "x": 31.00911458333333, "y": 440.89192708333326 },
  "57": { "x": 228.37239583333337, "y": 20.88541666666665 },
  "58": { "x": 455.42317708333337, "y": 352.01171875 },
  "59": { "x": 638.3072916666667, "y": 143.22916666666666 },
  "60": { "x": 827.4348958333334, "y": 295.65104166666663 },
  "61": { "x": 603.3333333333334, "y": 137.5 },
  "segment-continue": { "x": 1063.3333333333335, "y": 186.66666666666666 },
  "segment-previous-section": { "x": -240, "y": 140 }
}
