{
  "28": {"x": -650.3697044687254, "y": 215.67859957482233},
  "29": {"x": 37.70005717477534, "y": 362.9610913628087},
  "30": {"x": 326.6213519178725, "y": 41.10874545710942},
  "31": {"x": 573.8312352603374, "y": 658.8412145135403},
  "32": {"x": 812.9329954828437, "y": 120.78907926115221},
  "33": {"x": 1074.9574371705953, "y": 547.8897523200372},
  "34": {"x": 1338.517281502341, "y": 235.14080420974665},
  "35": {"x": 1620.0474717621812, "y": 506.34592351626344},
  "36": {"x": 269.0843184270652, "y": 666.3318813644933},
  "37": {"x": 507.13758197777724, "y": 35.142062628366375},
  "38": {"x": 752.6617940074118, "y": 571.4463020872743},
  "39": {"x": 954.457907182441, "y": 93.78872466695793},
  "40": {"x": 1180.3151422856486, "y": 461.3314740233313},
  "41": {"x": 1437.5011904531807, "y": 149.63284587356952},
  "42": {"x": 1651.988072917069, "y": 373.209761707266},
  "43": {"x": 282.46963423840907, "y": 673.9377834484114},
  "44": {"x": 492.4805889800515, "y": 33.16526033175478},
  "45": {"x": 767.7668235593321, "y": 593.6336915357093},
  "46": {"x": 1000.609603659226, "y": 111.58199400930607},
  "47": {"x": 1213.5647723539464, "y": 488.47433167775966},
  "48": {"x": 1411.3623029309313, "y": 210.86389151083625},
  "49": {"x": 1604.3025243331945, "y": 408.39919719880726},
  "50": {"x": 536.8858051489963, "y": 592.7842466933694},
  "51": {"x": 887.7597850419081, "y": 106.70389707299177},
  "52": {"x": 1412.940317414097, "y": 515.9845346733573},
  "53": {"x": 1768.346561455136, "y": 332.3868097793793},
  "segment-continue": {"x": 1949.7209770629844, "y": 302.95334357464236},
  "segment-previous-section": {"x": 25.06802307795624, "y": 316.25935493066777}
}
