{
  "53": {"x": -345, "y": 226.66666666666666},
  "54": {"x": 29.2413194444444, "y": 418.78993055555554},
  "55": {"x": 324.8003472222222, "y": 52.64583333333337},
  "56": {"x": 599.9305555555554, "y": 630.0902777777777},
  "57": {"x": 857.7847222222222, "y": 119.82118055555554},
  "58": {"x": 1098.3628472222222, "y": 568.546875},
  "59": {"x": 1331.1649305555557, "y": 257.0190972222223},
  "60": {"x": 1634.0798611111113, "y": 515.3454861111111},
  "61": {"x": 1135.6666666666667, "y": 323},
  "segment-continue": {"x": 1961.1788194444446, "y": 353.36979166666663},
  "segment-previous-section": {"x": 40, "y": 328}
}
