{
  "28": { "x": -650.3697044687254, "y": 215.67859957482233 },
  "29": { "x": 146.0000122070312, "y": 429.35909097959393 },
  "30": { "x": 376.97992600198717, "y": 151.86082410217887 },
  "31": { "x": 583.5710494054042, "y": 655.5766785421603 },
  "32": { "x": 892.8943075982874, "y": 216.28375607426858 },
  "33": { "x": 1116.7647327111345, "y": 590.1232957797455 },
  "34": { "x": 1354.0114442092947, "y": 291.785026864379 },
  "35": { "x": 1591.3662056297073, "y": 566.8847211296797 },
  "36": { "x": 403.1861178239836, "y": 671.173379668759 },
  "37": { "x": 627.8449083974065, "y": 119.10439154752817 },
  "38": { "x": 830.4287477233923, "y": 589.2210581845818 },
  "39": { "x": 1055.479685868308, "y": 187.46576145097885 },
  "40": { "x": 1261.8336077460235, "y": 507.15228406918754 },
  "41": { "x": 1443.227156712918, "y": 229.22937125110877 },
  "42": { "x": 1668.041553845782, "y": 389.4695960316855 },
  "43": { "x": 332.0849067501723, "y": 661.0101057674392 },
  "44": { "x": 537.9250474542038, "y": 61.01445277416764 },
  "45": { "x": 765.4332835815715, "y": 606.683232263418 },
  "46": { "x": 944.5430926687005, "y": 144.50043789728136 },
  "47": { "x": 1147.2549559509812, "y": 520.113068263411 },
  "48": { "x": 1396.182387018298, "y": 226.33785230071265 },
  "49": { "x": 1594.37210382677, "y": 442.0095148857241 },
  "50": { "x": 536.8858051489963, "y": 592.7842466933694 },
  "51": { "x": 887.7597850419081, "y": 106.70389707299177 },
  "52": { "x": 1412.940317414097, "y": 515.9845346733573 },
  "53": { "x": 1768.346561455136, "y": 332.3868097793793 },
  "segment-continue": { "x": 1822.462168404888, "y": 420.46567012443575 },
  "segment-previous-section": { "x": 124.00001220703132, "y": 405.8350905252995 }
}
