{
  "1": {"x": 357.8140190972222, "y": 68.181640625},
  "2": {"x": 594.8500434027778, "y": 595.8916015625},
  "3": {"x": 833.8003472222222, "y": 168.50043402777777},
  "4": {"x": 1126.9344618055557, "y": 488.6422526041666},
  "5": {"x": 1358.451171875, "y": 221.75792100694434},
  "6": {"x": 1601.0013020833333, "y": 437.5514322916668},
  "7": {"x": 346.3333333333333, "y": 595.2083333333334},
  "8": {"x": 618.3333333333333, "y": 34.70833333333343},
  "9": {"x": 904.8333333333334, "y": 521.3333333333334},
  "10": {"x": 1179.8333333333333, "y": 121.33333333333337},
  "11": {"x": 1461.6666666666665, "y": 438.33333333333337},
  "12": {"x": 1684.6666666666667, "y": 183.33333333333331},
  "13": {"x": 1999.1666666666667, "y": 349.6666666666667},
  "primary": {"x": 41.91341145833326, "y": 394.4584418402777},
  "segment-continue": {"x": 1956.2279730902776, "y": 299.3315972222221},
  "segment-previous-section": {"x": 28.166666666666686, "y": 319.33333333333337}
}
