{"16":{"x":-490.9993489583334,"y":227.3470052083333},"17":{"x":160.0000122070312,"y":316.5933933794679},"18":{"x":358.49842157973785,"y":575.2632294743072},"19":{"x":625.6817055024253,"y":107.88299622773911},"20":{"x":884.2370327109523,"y":534.4959499879576},"21":{"x":1138.8390780757868,"y":166.01291069402401},"22":{"x":1393.5817472243054,"y":496.4754934162096},"23":{"x":1626.409463218158,"y":252.52126099072842},"24":{"x":367.2223765055338,"y":679.0097071329752},"25":{"x":778.4840971628823,"y":100.42329978942871},"26":{"x":1209.1377557118735,"y":590.3481667836506},"27":{"x":1545.001953125,"y":166.30989583333326},"28":{"x":1943.7770182291667,"y":382.48535156250006},"segment-continue":{"x":1873.3335167850446,"y":373.965323894471},"segment-previous-section":{"x":23.021518071492437,"y":327.4303633371989}}
