{"1":{"x":439.8249798634028,"y":148.49289317323064},"2":{"x":662.0426973558865,"y":607.9502073570104},"3":{"x":853.974264168406,"y":230.3080401320491},"4":{"x":1127.4164515882578,"y":512.9301525776874},"5":{"x":1355.6927418325295,"y":301.98932553673126},"6":{"x":1591.8472235663457,"y":487.1886780347261},"7":{"x":346.3333333333333,"y":595.2083333333334},"8":{"x":618.3333333333333,"y":34.70833333333343},"9":{"x":904.8333333333334,"y":521.3333333333334},"10":{"x":1179.8333333333333,"y":121.33333333333337},"11":{"x":1461.6666666666665,"y":438.33333333333337},"12":{"x":1684.6666666666667,"y":183.33333333333331},"13":{"x":1999.1666666666667,"y":349.6666666666667},"segment-previous-section":{"x":28.166666666666686,"y":319.33333333333337},"primary":{"x":160.00001220703132,"y":478.60763913858545},"segment-continue":{"x":1836.8807103935223,"y":354.4408300164298}}
