{
  "4": { "x": -322.96006944444446, "y": 288.7679036458333 },
  "5": { "x": -97.35677083333336, "y": -7.668728298611114 },
  "6": { "x": 139.1205512152778, "y": 452.8629557291667 },
  "7": { "x": 347.17773437500006, "y": 43.62467447916666 },
  "8": { "x": 591.9525824652776, "y": 380.8333333333334 },
  "9": { "x": 828.5015190972225, "y": 95.09711371527777 },
  "10": { "x": 1068.9767795138891, "y": 321.6563585069444 },
  "11": { "x": -131.88802083333334, "y": -20.86100260416667 },
  "12": { "x": 100.20182291666669, "y": 379.7054036458333 },
  "13": { "x": 391.19140625, "y": 55.96679687500003 },
  "14": { "x": 106.40494791666663, "y": 390.111328125 },
  "15": { "x": 907.1897786458334, "y": 75.8880208333333 },
  "16": { "x": 1647.6116536458335, "y": 372.1328124999999 },
  "segment-continue": { "x": 1310.4541015624998, "y": 196.26790364583334 },
  "segment-previous-section": { "x": -473.33333333333337, "y": 245.83333333333331 }
}
