{"m0":{"x":160.0000122070312,"y":443.3016923388551},"m1":{"x":440.7668904648882,"y":46.568977708631394},"m2":{"x":686.2612349378738,"y":510.4060116118508},"m3":{"x":1011.5625150825621,"y":99.37303373058415},"m4":{"x":1286.805569981442,"y":462.6147937495291},"m5":{"x":1559.2184296291744,"y":145.4206295377299},"m6":{"x":1866.4125991837636,"y":320.0422264003546}}
