{
  "m0": { "x": 96.72724623616523, "y": 438.13826961669923 },
  "m1": { "x": 387.43123372395826, "y": 64.97570963541665 },
  "m2": { "x": 705.3867513020834, "y": 669.0840559895832 },
  "m3": { "x": 1008.95865234375, "y": 168.30685872395833 },
  "m4": { "x": 1360.0602018229167, "y": 545.844814453125 },
  "m5": { "x": 1654.4481119791667, "y": 245.6751236979167 },
  "m6": { "x": 1982.1378787801104, "y": 452.82595555419925 }
}
